박쿠리미,유가솜씨네 닭갈비,2,2026-07-06 12:09:55,미수령,
튜브낀 세종,유가솜씨네 닭갈비,1,2026-07-06 12:09:58,미수령,
lee_aramiii,유가솜씨네 닭갈비,2,2026-07-06 12:16:36,미수령,
라벤다,유가솜씨네 닭갈비,2,2026-07-06 12:33:32,미수령,
#우수,유가솜씨네 닭갈비,2,2026-07-06 12:35:35,미수령,
새뜸 0486,유가솜씨네 닭갈비,2,2026-07-06 12:58:09,미수령,
민도이,유가솜씨네 닭갈비,2,2026-07-06 13:00:02,미수령,
솔레,유가솜씨네 닭갈비,1,2026-07-06 13:11:32,미수령,
걸작품7702,유가솜씨네 닭갈비,2,2026-07-06 13:20:34,미수령,
윤윤맘~,유가솜씨네 닭갈비,2,2026-07-06 13:52:58,미수령,
Soju8127,유가솜씨네 닭갈비,2,2026-07-06 14:45:33,미수령,
쥬토피아,유가솜씨네 닭갈비,1,2026-07-06 15:02:43,미수령,
율맘5438,유가솜씨네 닭갈비,1,2026-07-06 15:06:40,미수령,
폴리폴리,유가솜씨네 닭갈비,2,2026-07-06 15:15:35,미수령,
새롬 린토,유가솜씨네 닭갈비,1,2026-07-06 15:45:52,미수령,
보리보리,햄치즈 대만샌드위치,6,2026-07-06 16:52:21,미수령,
네오2825,햄치즈 대만샌드위치,1,2026-07-06 16:59:57,미수령,
310동 4454,햄치즈 대만샌드위치,20,2026-07-06 17:00:00,미수령,
